capacity,eightd_has_key_dispenser,eightd_station_services,lat,lon,name,region_id,rental_methods,rental_url,short_name,station_id
15,False,,38.858971,-77.05323,Eads St & 15th St S,41,"[u'KEY', u'CREDITCARD']",http://app.capitalbikeshare.com/vIiR/zVsfTIsOTF?station_id=1,31000,1
11,False,,38.85725,-77.05332,18th & Eads St.,41,"[u'KEY', u'CREDITCARD']",http://app.capitalbikeshare.com/vIiR/zVsfTIsOTF?station_id=2,31001,2
17,False,,38.856425,-77.049232,20th & Crystal Dr,41,"[u'KEY', u'CREDITCARD']",http://app.capitalbikeshare.com/vIiR/zVsfTIsOTF?station_id=3,31002,3
11,False,,38.86017,-77.049593,15th & Crystal Dr,41,"[u'KEY', u'CREDITCARD']",http://app.capitalbikeshare.com/vIiR/zVsfTIsOTF?station_id=4,31003,4
11,False,,38.857866,-77.05949,Aurora Hills Community Ctr/18th & Hayes St,41,"[u'KEY', u'CREDITCARD']",http://app.capitalbikeshare.com/vIiR/zVsfTIsOTF?station_id=5,31004,5
19,True,,38.862303,-77.059936,Pentagon City Metro / 12th & S Hayes St,41,"[u'KEY', u'CREDITCARD']",http://app.capitalbikeshare.com/vIiR/zVsfTIsOTF?station_id=6,31005,6
15,False,,38.8637,-77.0633,S Joyce & Army Navy Dr,41,"[u'KEY', u'CREDITCARD']",http://app.capitalbikeshare.com/vIiR/zVsfTIsOTF?station_id=7,31006,7
19,True,,38.8574049626,-77.0511317253,Crystal City Metro / 18th & Bell St,41,"[u'KEY', u'CREDITCARD']",http://app.capitalbikeshare.com/vIiR/zVsfTIsOTF?station_id=8,31007,8
11,False,,38.8629,-77.0528,12th & Army Navy Dr,41,"[u'KEY', u'CREDITCARD']",http://app.capitalbikeshare.com/vIiR/zVsfTIsOTF?station_id=9,31008,9
19,False,,38.848441,-77.051516,27th & Crystal Dr,41,"[u'KEY', u'CREDITCARD']",http://app.capitalbikeshare.com/vIiR/zVsfTIsOTF?station_id=10,31009,10
11,False,,38.8426,-77.0502,S Glebe & Potomac Ave,41,"[u'KEY', u'CREDITCARD']",http://app.capitalbikeshare.com/vIiR/zVsfTIsOTF?station_id=11,31010,11
17,False,,38.8533,-77.0498,23rd & Crystal Dr,41,"[u'KEY', u'CREDITCARD']",http://app.capitalbikeshare.com/vIiR/zVsfTIsOTF?station_id=12,31011,12
11,False,,38.850688,-77.05152,26th & S Clark St,41,"[u'KEY', u'CREDITCARD']",http://app.capitalbikeshare.com/vIiR/zVsfTIsOTF?station_id=13,31012,13
15,False,,38.9003,-77.0429,19th St & Pennsylvania Ave NW,42,"[u'KEY', u'CREDITCARD']",http://app.capitalbikeshare.com/vIiR/zVsfTIsOTF?station_id=14,31100,14
27,False,,38.9176,-77.0321,14th & V St NW,42,"[u'KEY', u'CREDITCARD']",http://app.capitalbikeshare.com/vIiR/zVsfTIsOTF?station_id=15,31101,15
27,False,,38.929464,-77.027822,11th & Kenyon St NW,42,"[u'KEY', u'CREDITCARD']",http://app.capitalbikeshare.com/vIiR/zVsfTIsOTF?station_id=16,31102,16
33,False,,38.926088,-77.036536,16th & Harvard St NW,42,"[u'KEY', u'CREDITCARD']",http://app.capitalbikeshare.com/vIiR/zVsfTIsOTF?station_id=17,31103,17
15,False,,38.922925,-77.042581,Adams Mill & Columbia Rd NW,42,"[u'KEY', u'CREDITCARD']",http://app.capitalbikeshare.com/vIiR/zVsfTIsOTF?station_id=18,31104,18
19,False,,38.9268,-77.0322,14th & Harvard St NW,42,"[u'KEY', u'CREDITCARD']",http://app.capitalbikeshare.com/vIiR/zVsfTIsOTF?station_id=19,31105,19
23,False,,38.923203,-77.047637,Calvert & Biltmore St NW,42,"[u'KEY', u'CREDITCARD']",http://app.capitalbikeshare.com/vIiR/zVsfTIsOTF?station_id=20,31106,20
19,False,,38.9319,-77.0388,Lamont & Mt Pleasant NW,42,"[u'KEY', u'CREDITCARD']",http://app.capitalbikeshare.com/vIiR/zVsfTIsOTF?station_id=21,31107,21
23,False,,38.8767,-77.0178,4th & M St SW,42,"[u'KEY', u'CREDITCARD']",http://app.capitalbikeshare.com/vIiR/zVsfTIsOTF?station_id=22,31108,22
19,False,,38.90985,-77.034438,15th & P St NW,42,"[u'KEY', u'CREDITCARD']",http://app.capitalbikeshare.com/vIiR/zVsfTIsOTF?station_id=23,31201,23
19,False,,38.9129385461,-77.0320853591,14th & R St NW,42,"[u'KEY', u'CREDITCARD']",http://app.capitalbikeshare.com/vIiR/zVsfTIsOTF?station_id=24,31202,24
23,False,,38.9086,-77.0323,14th & Rhode Island Ave NW,42,"[u'KEY', u'CREDITCARD']",http://app.capitalbikeshare.com/vIiR/zVsfTIsOTF?station_id=25,31203,25
15,False,,38.8963,-77.045,20th & E St NW,42,"[u'KEY', u'CREDITCARD']",http://app.capitalbikeshare.com/vIiR/zVsfTIsOTF?station_id=26,31204,26
35,False,"[{u'description': u'8a-1p M-F except Federal holidays', u'bikes_availability': u'LIMITED', u'schedule_description': u'', u'link_for_more_info': u'https://help.capitalbikeshare.com/hc/en-us/articles/115001475712-Bike-Corrals', u'docks_availability': u'UNLIMITED', u'service_type': u'ATTENDED_SERVICE', u'id': u'f80c9dd5-05b9-46a2-a9de-eaee9141f8f1', u'name': u'Bike Corral '}]",38.9008,-77.047,21st & I St NW,42,"[u'KEY', u'CREDITCARD']",http://app.capitalbikeshare.com/vIiR/zVsfTIsOTF?station_id=27,31205,27
15,False,,38.936043,-77.024649,Georgia & New Hampshire Ave NW,42,"[u'KEY', u'CREDITCARD']",http://app.capitalbikeshare.com/vIiR/zVsfTIsOTF?station_id=28,31400,28
19,False,,38.9375,-77.0328,14th St & Spring Rd NW,42,"[u'KEY', u'CREDITCARD']",http://app.capitalbikeshare.com/vIiR/zVsfTIsOTF?station_id=29,31401,29
11,False,,38.9346,-76.9955,John McCormack Dr & Michigan Ave NE,42,"[u'KEY', u'CREDITCARD']",http://app.capitalbikeshare.com/vIiR/zVsfTIsOTF?station_id=30,31502,30
19,False,,38.90304,-77.019027,5th & K St NW,42,"[u'KEY', u'CREDITCARD']",http://app.capitalbikeshare.com/vIiR/zVsfTIsOTF?station_id=31,31600,31
15,False,,38.8896,-76.9769,19th & East Capitol St SE,42,"[u'KEY', u'CREDITCARD']",http://app.capitalbikeshare.com/vIiR/zVsfTIsOTF?station_id=32,31601,32
19,False,,38.9308,-77.0315,Park Rd & Holmead Pl NW,42,"[u'KEY', u'CREDITCARD']",http://app.capitalbikeshare.com/vIiR/zVsfTIsOTF?station_id=33,31602,33
11,False,,38.8601,-76.9672,Good Hope & Naylor Rd SE,42,"[u'KEY', u'CREDITCARD']",http://app.capitalbikeshare.com/vIiR/zVsfTIsOTF?station_id=34,31700,34
11,False,,38.934267,-77.057979,Connecticut Ave & Newark St NW / Cleveland Park,42,"[u'KEY', u'CREDITCARD']",http://app.capitalbikeshare.com/vIiR/zVsfTIsOTF?station_id=35,31305,35
11,False,,38.878,-76.9607,Randle Circle & Minnesota Ave SE,42,"[u'KEY', u'CREDITCARD']",http://app.capitalbikeshare.com/vIiR/zVsfTIsOTF?station_id=36,31702,36
15,False,,38.897063,-76.947446,Minnesota Ave Metro/DOES,42,"[u'KEY', u'CREDITCARD']",http://app.capitalbikeshare.com/vIiR/zVsfTIsOTF?station_id=37,31703,37
11,False,,38.901385,-76.941877,Nannie Helen Burroughs & Minnesota Ave NE,42,"[u'KEY', u'CREDITCARD']",http://app.capitalbikeshare.com/vIiR/zVsfTIsOTF?station_id=38,31704,38
11,False,,38.862669,-76.994637,Anacostia Metro,42,"[u'KEY', u'CREDITCARD']",http://app.capitalbikeshare.com/vIiR/zVsfTIsOTF?station_id=39,31801,39
11,False,,38.867373,-76.988039,Good Hope Rd & MLK Ave SE,42,"[u'KEY', u'CREDITCARD']",http://app.capitalbikeshare.com/vIiR/zVsfTIsOTF?station_id=40,31802,40
11,False,,38.8952,-77.0436,19th & E Street NW,42,"[u'KEY', u'CREDITCARD']",http://app.capitalbikeshare.com/vIiR/zVsfTIsOTF?station_id=41,31206,41
15,False,,38.919077,-77.000648,4th & W St NE,42,"[u'KEY', u'CREDITCARD']",http://app.capitalbikeshare.com/vIiR/zVsfTIsOTF?station_id=42,31500,42
15,False,,38.9172,-77.0259,10th & U St NW,42,"[u'KEY', u'CREDITCARD']",http://app.capitalbikeshare.com/vIiR/zVsfTIsOTF?station_id=43,31111,43
11,False,,38.9249,-77.0222,Georgia Ave and Fairmont St NW,42,"[u'KEY', u'CREDITCARD']",http://app.capitalbikeshare.com/vIiR/zVsfTIsOTF?station_id=44,31207,44
39,False,,38.8743,-77.0057,1st & N St  SE,42,"[u'KEY', u'CREDITCARD']",http://app.capitalbikeshare.com/vIiR/zVsfTIsOTF?station_id=45,31209,45
15,False,,38.9154,-77.0446,20th St & Florida Ave NW,42,"[u'KEY', u'CREDITCARD']",http://app.capitalbikeshare.com/vIiR/zVsfTIsOTF?station_id=46,31110,46
15,False,,38.9155,-77.0222,7th & T St NW,42,"[u'KEY', u'CREDITCARD']",http://app.capitalbikeshare.com/vIiR/zVsfTIsOTF?station_id=47,31109,47
15,False,,38.8543805152,-77.053411603,Eads & 22nd St S,41,"[u'KEY', u'CREDITCARD']",http://app.capitalbikeshare.com/vIiR/zVsfTIsOTF?station_id=48,31013,48
17,False,,38.8763,-77.0037,M St & New Jersey Ave SE,42,"[u'KEY', u'CREDITCARD']",http://app.capitalbikeshare.com/vIiR/zVsfTIsOTF?station_id=49,31208,49
45,False,,38.9101,-77.0444,Massachusetts Ave & Dupont Circle NW,42,"[u'KEY', u'CREDITCARD']",http://app.capitalbikeshare.com/vIiR/zVsfTIsOTF?station_id=51,31200,51
15,False,,38.9057,-77.0056,1st & M St NE,42,"[u'KEY', u'CREDITCARD']",http://app.capitalbikeshare.com/vIiR/zVsfTIsOTF?station_id=52,31603,52
19,False,,38.90534,-77.046774,21st & M St NW,42,"[u'KEY', u'CREDITCARD']",http://app.capitalbikeshare.com/vIiR/zVsfTIsOTF?station_id=53,31212,53
23,False,,38.90276,-77.03863,17th & K St NW,42,"[u'KEY', u'CREDITCARD']",http://app.capitalbikeshare.com/vIiR/zVsfTIsOTF?station_id=54,31213,54
15,False,,38.899408,-77.015289,3rd & H St NW,42,"[u'KEY', u'CREDITCARD']",http://app.capitalbikeshare.com/vIiR/zVsfTIsOTF?station_id=55,31604,55
11,False,,38.8851,-77.0023,3rd & D St SE,42,"[u'KEY', u'CREDITCARD']",http://app.capitalbikeshare.com/vIiR/zVsfTIsOTF?station_id=56,31605,56
15,False,,38.8803,-76.9862,Potomac & Pennsylvania Ave SE,42,"[u'KEY', u'CREDITCARD']",http://app.capitalbikeshare.com/vIiR/zVsfTIsOTF?station_id=57,31606,57
15,False,,38.884,-76.9861,14th & D St SE,42,"[u'KEY', u'CREDITCARD']",http://app.capitalbikeshare.com/vIiR/zVsfTIsOTF?station_id=58,31607,58
19,False,,38.9121,-77.0387,17th & Corcoran St NW,42,"[u'KEY', u'CREDITCARD']",http://app.capitalbikeshare.com/vIiR/zVsfTIsOTF?station_id=59,31214,59
15,False,,38.944551,-77.063896,Van Ness Metro / UDC,42,"[u'KEY', u'CREDITCARD']",http://app.capitalbikeshare.com/vIiR/zVsfTIsOTF?station_id=60,31300,60
15,False,,38.9126,-77.0135,Florida Ave & R St NW,42,"[u'KEY', u'CREDITCARD']",http://app.capitalbikeshare.com/vIiR/zVsfTIsOTF?station_id=61,31503,61
11,False,,38.8792,-76.9953,8th & Eye St SE / Barracks Row,42,"[u'KEY', u'CREDITCARD']",http://app.capitalbikeshare.com/vIiR/zVsfTIsOTF?station_id=62,31608,62
15,False,,38.938736,-77.087171,Ward Circle / American University,42,"[u'KEY', u'CREDITCARD']",http://app.capitalbikeshare.com/vIiR/zVsfTIsOTF?station_id=63,31301,63
19,False,,38.934881,-77.072755,Wisconsin Ave & Newark St NW,42,"[u'KEY', u'CREDITCARD']",http://app.capitalbikeshare.com/vIiR/zVsfTIsOTF?station_id=64,31302,64
11,False,,38.947774,-77.032818,14th St Heights / 14th & Crittenden St NW,42,"[u'KEY', u'CREDITCARD']",http://app.capitalbikeshare.com/vIiR/zVsfTIsOTF?station_id=65,31402,65
11,False,,38.865784,-76.9784,Anacostia Library,42,"[u'KEY', u'CREDITCARD']",http://app.capitalbikeshare.com/vIiR/zVsfTIsOTF?station_id=66,31804,66
11,False,,38.873057,-76.971015,Pennsylvania & Minnesota Ave SE,42,"[u'KEY', u'CREDITCARD']",http://app.capitalbikeshare.com/vIiR/zVsfTIsOTF?station_id=67,31805,67
15,False,,38.886952,-76.996806,Eastern Market / 7th & North Carolina Ave SE,42,"[u'KEY', u'CREDITCARD']",http://app.capitalbikeshare.com/vIiR/zVsfTIsOTF?station_id=68,31610,68
23,False,,38.899632,-77.031686,14th St & New York Ave NW,42,"[u'KEY', u'CREDITCARD']",http://app.capitalbikeshare.com/vIiR/zVsfTIsOTF?station_id=69,31216,69
11,False,,38.894,-76.947974,Benning Branch Library,42,"[u'KEY', u'CREDITCARD']",http://app.capitalbikeshare.com/vIiR/zVsfTIsOTF?station_id=70,31705,70
39,False,,38.887237,-77.028226,USDA / 12th & Independence Ave SW,42,"[u'KEY', u'CREDITCARD']",http://app.capitalbikeshare.com/vIiR/zVsfTIsOTF?station_id=71,31217,71
19,False,,38.9022212,-77.059219,Georgetown Harbor / 30th St NW,42,"[u'KEY', u'CREDITCARD']",http://app.capitalbikeshare.com/vIiR/zVsfTIsOTF?station_id=72,31215,72
11,False,,38.933668,-76.991016,12th & Newton St NE,42,"[u'KEY', u'CREDITCARD']",http://app.capitalbikeshare.com/vIiR/zVsfTIsOTF?station_id=73,31501,73
15,False,,38.894919,-77.046587,US Dept of State / Virginia Ave & 21st St NW,42,"[u'KEY', u'CREDITCARD']",http://app.capitalbikeshare.com/vIiR/zVsfTIsOTF?station_id=74,31220,74
15,False,,38.886266,-77.022241,L'Enfant Plaza / 7th & C St SW,42,"[u'KEY', u'CREDITCARD']",http://app.capitalbikeshare.com/vIiR/zVsfTIsOTF?station_id=75,31218,75
31,False,,38.893028,-77.026013,10th St & Constitution Ave NW,42,"[u'KEY', u'CREDITCARD']",http://app.capitalbikeshare.com/vIiR/zVsfTIsOTF?station_id=76,31219,76
19,False,,38.897293,-77.05557,Kennedy Center,42,"[u'KEY', u'CREDITCARD']",http://app.capitalbikeshare.com/vIiR/zVsfTIsOTF?station_id=77,31211,77
19,False,,38.884,-76.995397,Eastern Market Metro / Pennsylvania Ave & 7th St SE,42,"[u'KEY', u'CREDITCARD']",http://app.capitalbikeshare.com/vIiR/zVsfTIsOTF?station_id=78,31613,78
27,False,,38.9050668746,-77.0417788625,18th & M St NW,42,"[u'KEY', u'CREDITCARD']",http://app.capitalbikeshare.com/vIiR/zVsfTIsOTF?station_id=79,31221,79
15,False,,38.947607,-77.079382,Tenleytown / Wisconsin Ave & Albemarle St NW,42,"[u'KEY', u'CREDITCARD']",http://app.capitalbikeshare.com/vIiR/zVsfTIsOTF?station_id=80,31303,80
27,False,,38.9000217835,-76.9884216785,13th & H St NE,42,"[u'KEY', u'CREDITCARD']",http://app.capitalbikeshare.com/vIiR/zVsfTIsOTF?station_id=81,31611,81
31,False,,38.897222,-77.019347,5th & F St NW,42,"[u'KEY', u'CREDITCARD']",http://app.capitalbikeshare.com/vIiR/zVsfTIsOTF?station_id=82,31620,82
19,False,,38.8991,-77.0337,New York Ave & 15th St NW,42,"[u'KEY', u'CREDITCARD']",http://app.capitalbikeshare.com/vIiR/zVsfTIsOTF?station_id=83,31222,83
23,False,,38.905737,-77.02227,Convention Center / 7th & M St NW,42,"[u'KEY', u'CREDITCARD']",http://app.capitalbikeshare.com/vIiR/zVsfTIsOTF?station_id=84,31223,84
15,False,,38.927872,-77.043358,Harvard St & Adams Mill Rd NW,42,"[u'KEY', u'CREDITCARD']",http://app.capitalbikeshare.com/vIiR/zVsfTIsOTF?station_id=85,31112,85
15,False,,38.903407,-77.043648,19th & L St NW,42,"[u'KEY', u'CREDITCARD']",http://app.capitalbikeshare.com/vIiR/zVsfTIsOTF?station_id=86,31224,86
23,False,,38.90375,-77.06269,C & O Canal & Wisconsin Ave NW,42,"[u'KEY', u'CREDITCARD']",http://app.capitalbikeshare.com/vIiR/zVsfTIsOTF?station_id=87,31225,87
19,False,,38.8786935994,-77.0230543613,Maine Ave & 7th St SW,42,"[u'KEY', u'CREDITCARD']",http://app.capitalbikeshare.com/vIiR/zVsfTIsOTF?station_id=88,31609,88
23,False,,38.894758,-76.997114,D St & Maryland Ave NE,42,"[u'KEY', u'CREDITCARD']",http://app.capitalbikeshare.com/vIiR/zVsfTIsOTF?station_id=89,31612,89
11,False,,38.916442,-77.0682,34th St & Wisconsin Ave NW,42,"[u'KEY', u'CREDITCARD']",http://app.capitalbikeshare.com/vIiR/zVsfTIsOTF?station_id=90,31226,90
23,False,"[{u'description': u'8a-1p M-F except Federal holidays', u'bikes_availability': u'UNLIMITED', u'schedule_description': u'', u'link_for_more_info': u'https://help.capitalbikeshare.com/hc/en-us/articles/115001475712-Bike-Corrals', u'docks_availability': u'UNLIMITED', u'service_type': u'ATTENDED_SERVICE', u'id': u'71b2e4df-a397-465a-bfa4-1ccdb19a4d11', u'name': u'Bike Corral'}]",38.900283,-77.029822,13th St & New York Ave NW,42,"[u'KEY', u'CREDITCARD']",http://app.capitalbikeshare.com/vIiR/zVsfTIsOTF?station_id=91,31227,91
33,False,,38.8997,-77.023086,8th & H St NW,42,"[u'KEY', u'CREDITCARD']",http://app.capitalbikeshare.com/vIiR/zVsfTIsOTF?station_id=92,31228,92
11,False,,38.932514,-76.992889,10th & Monroe St NE,42,"[u'KEY', u'CREDITCARD']",http://app.capitalbikeshare.com/vIiR/zVsfTIsOTF?station_id=93,31504,93
23,False,,38.910972,-77.00495,Eckington Pl & Q St NE,42,"[u'KEY', u'CREDITCARD']",http://app.capitalbikeshare.com/vIiR/zVsfTIsOTF?station_id=94,31505,94
23,False,,38.899972,-76.998347,6th & H St NE,42,"[u'KEY', u'CREDITCARD']",http://app.capitalbikeshare.com/vIiR/zVsfTIsOTF?station_id=95,31615,95
19,False,,38.900412,-77.001949,3rd & H St NE,42,"[u'KEY', u'CREDITCARD']",http://app.capitalbikeshare.com/vIiR/zVsfTIsOTF?station_id=96,31616,96
15,False,,38.900413,-76.982872,Bladensburg Rd & Benning Rd NE,42,"[u'KEY', u'CREDITCARD']",http://app.capitalbikeshare.com/vIiR/zVsfTIsOTF?station_id=97,31617,97
11,False,,38.889955,-77.000349,4th & East Capitol St NE,42,"[u'KEY', u'CREDITCARD']",http://app.capitalbikeshare.com/vIiR/zVsfTIsOTF?station_id=98,31618,98
25,False,,38.890461,-76.988355,Lincoln Park / 13th & East Capitol St NE ,42,"[u'KEY', u'CREDITCARD']",http://app.capitalbikeshare.com/vIiR/zVsfTIsOTF?station_id=99,31619,99
11,False,,38.8692,-76.9599,Branch & Pennsylvania Ave SE,42,"[u'KEY', u'CREDITCARD']",http://app.capitalbikeshare.com/vIiR/zVsfTIsOTF?station_id=100,31701,100
31,False,,38.894832,-76.987633,13th & D St NE,42,"[u'KEY', u'CREDITCARD']",http://app.capitalbikeshare.com/vIiR/zVsfTIsOTF?station_id=101,31622,101
23,False,,38.91554,-77.03818,New Hampshire Ave & T St NW,42,"[u'KEY', u'CREDITCARD']",http://app.capitalbikeshare.com/vIiR/zVsfTIsOTF?station_id=102,31229,102
31,False,,38.898364,-77.027869,Metro Center / 12th & G St NW,42,"[u'KEY', u'CREDITCARD']",http://app.capitalbikeshare.com/vIiR/zVsfTIsOTF?station_id=103,31230,103
25,False,,38.894514,-77.031617,14th & D St NW / Ronald Reagan Building,42,"[u'KEY', u'CREDITCARD']",http://app.capitalbikeshare.com/vIiR/zVsfTIsOTF?station_id=104,31231,104
27,False,,38.896777874,-77.0229417086,8th & F St NW,42,"[u'KEY', u'CREDITCARD']",http://app.capitalbikeshare.com/vIiR/zVsfTIsOTF?station_id=105,31232,105
35,False,"[{u'description': u'8a-1p M-F except Federal holidays', u'bikes_availability': u'LIMITED', u'schedule_description': u'Bike Corral\n\n', u'link_for_more_info': u'https://help.capitalbikeshare.com/hc/en-us/articles/115001475712-Bike-Corrals', u'docks_availability': u'LIMITED', u'service_type': u'ATTENDED_SERVICE', u'id': u'557de184-caae-4695-9c61-9a2102506f02', u'name': u'Bike Corral'}]",38.902061,-77.038322,17th & K St NW / Farragut Square,42,"[u'KEY', u'CREDITCARD']",http://app.capitalbikeshare.com/vIiR/zVsfTIsOTF?station_id=106,31233,106
19,False,,38.908905,-77.04478,20th & O St NW / Dupont South,42,"[u'KEY', u'CREDITCARD']",http://app.capitalbikeshare.com/vIiR/zVsfTIsOTF?station_id=107,31234,107
15,False,,38.895344,-77.016106,4th & D St NW / Judiciary Square,42,"[u'KEY', u'CREDITCARD']",http://app.capitalbikeshare.com/vIiR/zVsfTIsOTF?station_id=108,31621,108
35,False,,38.8923,-77.0436,19th St & Constitution Ave NW,42,"[u'KEY', u'CREDITCARD']",http://app.capitalbikeshare.com/vIiR/zVsfTIsOTF?station_id=109,31235,109
23,False,,38.90774,-77.071652,37th & O St NW / Georgetown University,42,"[u'KEY', u'CREDITCARD']",http://app.capitalbikeshare.com/vIiR/zVsfTIsOTF?station_id=110,31236,110
19,False,,38.899983,-76.991383,11th & H St NE,42,"[u'KEY', u'CREDITCARD']",http://app.capitalbikeshare.com/vIiR/zVsfTIsOTF?station_id=111,31614,111
15,False,,38.903827,-77.053485,25th St & Pennsylvania Ave NW,42,"[u'KEY', u'CREDITCARD']",http://app.capitalbikeshare.com/vIiR/zVsfTIsOTF?station_id=112,31237,112
55,False,,38.89696,-77.00493,Columbus Circle / Union Station,42,"[u'KEY', u'CREDITCARD']",http://app.capitalbikeshare.com/vIiR/zVsfTIsOTF?station_id=113,31623,113
23,False,,38.897446,-77.009888,North Capitol St & F St NW,42,"[u'KEY', u'CREDITCARD']",http://app.capitalbikeshare.com/vIiR/zVsfTIsOTF?station_id=114,31624,114
19,False,,38.905607,-77.027137,11th & M St NW,42,"[u'KEY', u'CREDITCARD']",http://app.capitalbikeshare.com/vIiR/zVsfTIsOTF?station_id=115,31266,115
15,False,,38.922581,-77.070334,36th & Calvert St NW / Glover Park,42,"[u'KEY', u'CREDITCARD']",http://app.capitalbikeshare.com/vIiR/zVsfTIsOTF?station_id=116,31304,116
23,False,,38.898069,-77.031823,14th & G St NW,42,"[u'KEY', u'CREDITCARD']",http://app.capitalbikeshare.com/vIiR/zVsfTIsOTF?station_id=117,31238,117
23,False,,38.844015,-77.050537,Potomac Ave & 35th St S,41,"[u'KEY', u'CREDITCARD']",http://app.capitalbikeshare.com/vIiR/zVsfTIsOTF?station_id=118,31052,118
23,False,,38.88412,-77.04657,Ohio Dr & West Basin Dr SW / MLK & FDR Memorials,42,"[u'KEY', u'CREDITCARD']",http://app.capitalbikeshare.com/vIiR/zVsfTIsOTF?station_id=124,31240,124
15,False,,38.897857,-77.026975,11th & F St NW,42,"[u'KEY', u'CREDITCARD']",http://app.capitalbikeshare.com/vIiR/zVsfTIsOTF?station_id=125,31262,125
19,False,,38.896104,-77.049882,23rd & E St NW ,42,"[u'KEY', u'CREDITCARD']",http://app.capitalbikeshare.com/vIiR/zVsfTIsOTF?station_id=126,31260,126
31,False,,38.897315,-77.070993,Lynn & 19th St North,41,"[u'KEY', u'CREDITCARD']",http://app.capitalbikeshare.com/vIiR/zVsfTIsOTF?station_id=127,31014,127
19,True,,38.8946,-77.072305,Rosslyn Metro / Wilson Blvd & Ft Myer Dr,41,"[u'KEY', u'CREDITCARD']",http://app.capitalbikeshare.com/vIiR/zVsfTIsOTF?station_id=128,31015,128
15,False,,38.893438,-77.076389,Clarendon Blvd & Pierce St,41,"[u'KEY', u'CREDITCARD']",http://app.capitalbikeshare.com/vIiR/zVsfTIsOTF?station_id=129,31016,129
15,False,,38.891696,-77.0846,Wilson Blvd & N Uhle St,41,"[u'KEY', u'CREDITCARD']",http://app.capitalbikeshare.com/vIiR/zVsfTIsOTF?station_id=130,31017,130
11,False,,38.892164,-77.079375,N Rhodes & 16th St N,41,"[u'KEY', u'CREDITCARD']",http://app.capitalbikeshare.com/vIiR/zVsfTIsOTF?station_id=131,31018,131
15,False,,38.86559,-76.952103,Fairfax Village,42,"[u'KEY', u'CREDITCARD']",http://app.capitalbikeshare.com/vIiR/zVsfTIsOTF?station_id=132,31706,132
15,False,,38.892459,-77.046567,21st St & Constitution Ave NW,42,"[u'KEY', u'CREDITCARD']",http://app.capitalbikeshare.com/vIiR/zVsfTIsOTF?station_id=133,31261,133
15,False,,38.889,-77.0925,Wilson Blvd & N Edgewood St,41,"[u'KEY', u'CREDITCARD']",http://app.capitalbikeshare.com/vIiR/zVsfTIsOTF?station_id=134,31019,134
19,False,,38.920669,-77.04368,Columbia Rd & Belmont St NW,42,"[u'KEY', u'CREDITCARD']",http://app.capitalbikeshare.com/vIiR/zVsfTIsOTF?station_id=135,31113,135
23,False,,38.9059957,-77.0398020744,Rhode Island & Connecticut Ave NW,42,"[u'KEY', u'CREDITCARD']",http://app.capitalbikeshare.com/vIiR/zVsfTIsOTF?station_id=136,31239,136
33,False,,38.9059,-77.0325,Thomas Circle,42,"[u'KEY', u'CREDITCARD']",http://app.capitalbikeshare.com/vIiR/zVsfTIsOTF?station_id=137,31241,137
11,False,,38.8904,-77.0889,Wilson Blvd & Franklin Rd,41,"[u'KEY', u'CREDITCARD']",http://app.capitalbikeshare.com/vIiR/zVsfTIsOTF?station_id=138,31020,138
15,False,,38.8881,-77.09308,Clarendon Blvd & N Fillmore St,41,"[u'KEY', u'CREDITCARD']",http://app.capitalbikeshare.com/vIiR/zVsfTIsOTF?station_id=139,31021,139
17,True,,38.88786,-77.094875,Clarendon Metro / Wilson Blvd & N Highland St,41,"[u'KEY', u'CREDITCARD']",http://app.capitalbikeshare.com/vIiR/zVsfTIsOTF?station_id=140,31022,140
27,False,,38.89968,-77.041539,18th St & Pennsylvania Ave NW,42,"[u'KEY', u'CREDITCARD']",http://app.capitalbikeshare.com/vIiR/zVsfTIsOTF?station_id=141,31242,141
39,False,"[{u'description': u' 8a-1p M-F except Federal holidays', u'bikes_availability': u'LIMITED', u'schedule_description': u'8a-1p M-F except Federal holidays', u'link_for_more_info': u'https://help.capitalbikeshare.com/hc/en-us/articles/115001475712-Bike-Corrals', u'docks_availability': u'LIMITED', u'service_type': u'ATTENDED_SERVICE', u'id': u'30b8b61a-dd36-4de1-8709-bde3cfbaeef4', u'name': u'Bike Corral'}]",38.887299,-77.018939,Maryland & Independence Ave SW,42,"[u'KEY', u'CREDITCARD']",http://app.capitalbikeshare.com/vIiR/zVsfTIsOTF?station_id=142,31243,142
19,False,,38.88412,-77.017445,4th & E St SW,42,"[u'KEY', u'CREDITCARD']",http://app.capitalbikeshare.com/vIiR/zVsfTIsOTF?station_id=143,31244,143
19,False,,38.881185,-77.001828,3rd & G St SE,42,"[u'KEY', u'CREDITCARD']",http://app.capitalbikeshare.com/vIiR/zVsfTIsOTF?station_id=144,31625,144
15,False,,38.912719,-77.022155,7th & R St NW / Shaw Library,42,"[u'KEY', u'CREDITCARD']",http://app.capitalbikeshare.com/vIiR/zVsfTIsOTF?station_id=145,31245,145
15,False,,38.9418,-77.0251,9th & Upshur St NW,42,"[u'KEY', u'CREDITCARD']",http://app.capitalbikeshare.com/vIiR/zVsfTIsOTF?station_id=146,31404,146
15,False,,38.915417,-77.012289,1st & Rhode Island Ave NW,42,"[u'KEY', u'CREDITCARD']",http://app.capitalbikeshare.com/vIiR/zVsfTIsOTF?station_id=147,31506,147
19,False,,38.9281211113,-77.023794651,Columbia Rd & Georgia Ave NW,42,"[u'KEY', u'CREDITCARD']",http://app.capitalbikeshare.com/vIiR/zVsfTIsOTF?station_id=148,31115,148
19,False,,38.917761,-77.04062,California St & Florida Ave NW,42,"[u'KEY', u'CREDITCARD']",http://app.capitalbikeshare.com/vIiR/zVsfTIsOTF?station_id=149,31116,149
19,False,,38.889935,-76.93723,Benning Rd & East Capitol St NE / Benning Rd Metro,42,"[u'KEY', u'CREDITCARD']",http://app.capitalbikeshare.com/vIiR/zVsfTIsOTF?station_id=150,31707,150
15,False,,38.930282,-77.055599,3000 Connecticut Ave NW / National Zoo,42,"[u'KEY', u'CREDITCARD']",http://app.capitalbikeshare.com/vIiR/zVsfTIsOTF?station_id=151,31307,151
15,False,,38.896544,-76.96012,Anacostia Ave & Benning Rd NE / River Terrace ,42,"[u'KEY', u'CREDITCARD']",http://app.capitalbikeshare.com/vIiR/zVsfTIsOTF?station_id=152,31708,152
19,False,,38.905126,-77.056887,M St & Pennsylvania Ave NW,42,"[u'KEY', u'CREDITCARD']",http://app.capitalbikeshare.com/vIiR/zVsfTIsOTF?station_id=153,31246,153
15,False,,38.88732,-76.983569,15th St & Massachusetts Ave SE,42,"[u'KEY', u'CREDITCARD']",http://app.capitalbikeshare.com/vIiR/zVsfTIsOTF?station_id=154,31626,154
15,False,,38.844711,-76.987823,Congress Heights Metro,42,"[u'KEY', u'CREDITCARD']",http://app.capitalbikeshare.com/vIiR/zVsfTIsOTF?station_id=155,31806,155
11,False,,38.876393,-77.107735,N Quincy St & Glebe Rd,41,"[u'KEY', u'CREDITCARD']",http://app.capitalbikeshare.com/vIiR/zVsfTIsOTF?station_id=156,31035,156
11,False,,38.8503365779,-77.1009886265,Barcroft Community Center,41,"[u'KEY', u'CREDITCARD']",http://app.capitalbikeshare.com/vIiR/zVsfTIsOTF?station_id=157,31033,157
15,False,,38.896923,-77.086502,N Veitch  & 20th St N,41,"[u'KEY', u'CREDITCARD']",http://app.capitalbikeshare.com/vIiR/zVsfTIsOTF?station_id=158,31029,158
23,False,,38.9024,-77.02622,10th & K St NW,42,"[u'KEY', u'CREDITCARD']",http://app.capitalbikeshare.com/vIiR/zVsfTIsOTF?station_id=159,31263,159
11,False,,38.885801,-77.097745,Fairfax Dr & Wilson Blvd,41,"[u'KEY', u'CREDITCARD']",http://app.capitalbikeshare.com/vIiR/zVsfTIsOTF?station_id=160,31023,160
11,False,,38.896015,-77.078107,Key Blvd & N Quinn St,41,"[u'KEY', u'CREDITCARD']",http://app.capitalbikeshare.com/vIiR/zVsfTIsOTF?station_id=161,31027,161
15,False,,38.87861,-77.006004,1st & K St SE,42,"[u'KEY', u'CREDITCARD']",http://app.capitalbikeshare.com/vIiR/zVsfTIsOTF?station_id=162,31628,162
19,False,,38.922649,-77.077271,39th & Calvert St NW / Stoddert,42,"[u'KEY', u'CREDITCARD']",http://app.capitalbikeshare.com/vIiR/zVsfTIsOTF?station_id=163,31306,163
15,False,,38.928743,-77.012457,1st & Washington Hospital Center NW,42,"[u'KEY', u'CREDITCARD']",http://app.capitalbikeshare.com/vIiR/zVsfTIsOTF?station_id=164,31507,164
19,False,,38.882788,-77.103148,Virginia Square Metro / N Monroe St & 9th St N,41,"[u'KEY', u'CREDITCARD']",http://app.capitalbikeshare.com/vIiR/zVsfTIsOTF?station_id=165,31024,165
11,False,,38.88397,-77.10783,Central Library / N Quincy St & 10th St N,41,"[u'KEY', u'CREDITCARD']",http://app.capitalbikeshare.com/vIiR/zVsfTIsOTF?station_id=166,31025,166
15,False,,38.884734,-77.093485,Washington Blvd & 10th St N,41,"[u'KEY', u'CREDITCARD']",http://app.capitalbikeshare.com/vIiR/zVsfTIsOTF?station_id=167,31026,167
23,False,,38.888553,-77.032429,Jefferson Dr & 14th St SW,42,"[u'KEY', u'CREDITCARD']",http://app.capitalbikeshare.com/vIiR/zVsfTIsOTF?station_id=168,31247,168
23,False,,38.888767,-77.02858,Smithsonian-National Mall / Jefferson Dr & 12th St SW,42,"[u'KEY', u'CREDITCARD']",http://app.capitalbikeshare.com/vIiR/zVsfTIsOTF?station_id=169,31248,169
15,False,,38.87887,-77.1207,George Mason Dr & Wilson Blvd,41,"[u'KEY', u'CREDITCARD']",http://app.capitalbikeshare.com/vIiR/zVsfTIsOTF?station_id=170,31036,170
19,False,,38.894573,-77.01994,6th St & Indiana Ave NW,42,"[u'KEY', u'CREDITCARD']",http://app.capitalbikeshare.com/vIiR/zVsfTIsOTF?station_id=171,31264,171
11,False,,38.893241,-77.086045,N Veitch & Key Blvd,41,"[u'KEY', u'CREDITCARD']",http://app.capitalbikeshare.com/vIiR/zVsfTIsOTF?station_id=172,31028,172
19,False,,38.89593,-77.089006,Lee Hwy & N Adams St,41,"[u'KEY', u'CREDITCARD']",http://app.capitalbikeshare.com/vIiR/zVsfTIsOTF?station_id=173,31030,173
11,False,,38.89054,-77.08095,15th & N Scott St,41,"[u'KEY', u'CREDITCARD']",http://app.capitalbikeshare.com/vIiR/zVsfTIsOTF?station_id=174,31031,174
11,False,,38.880834,-77.091129,Washington Blvd & 7th St N,41,"[u'KEY', u'CREDITCARD']",http://app.capitalbikeshare.com/vIiR/zVsfTIsOTF?station_id=175,31032,175
23,True,,38.881044,-77.111768,Ballston Metro / N Stuart & 9th St N,41,"[u'KEY', u'CREDITCARD']",http://app.capitalbikeshare.com/vIiR/zVsfTIsOTF?station_id=176,31037,176
11,False,,38.882629,-77.109366,N Randolph St & Fairfax Dr,41,"[u'KEY', u'CREDITCARD']",http://app.capitalbikeshare.com/vIiR/zVsfTIsOTF?station_id=177,31034,177
23,False,,38.879819,-77.037413,Jefferson Memorial,42,"[u'KEY', u'CREDITCARD']",http://app.capitalbikeshare.com/vIiR/zVsfTIsOTF?station_id=178,31249,178
15,False,,38.866611,-76.985238,Good Hope Rd & 14th St SE,42,"[u'KEY', u'CREDITCARD']",http://app.capitalbikeshare.com/vIiR/zVsfTIsOTF?station_id=179,31803,179
11,False,,38.883921,-77.116817,Glebe Rd & 11th St N,41,"[u'KEY', u'CREDITCARD']",http://app.capitalbikeshare.com/vIiR/zVsfTIsOTF?station_id=180,31038,180
15,False,,38.880012,-77.107854,Wilson Blvd & N Quincy St,41,"[u'KEY', u'CREDITCARD']",http://app.capitalbikeshare.com/vIiR/zVsfTIsOTF?station_id=181,31039,181
11,False,,38.884616,-77.10108,Fairfax Dr & Kenmore St,41,"[u'KEY', u'CREDITCARD']",http://app.capitalbikeshare.com/vIiR/zVsfTIsOTF?station_id=182,31040,182
19,False,,38.90509,-76.9941,Gallaudet / 8th St & Florida Ave NE,42,"[u'KEY', u'CREDITCARD']",http://app.capitalbikeshare.com/vIiR/zVsfTIsOTF?station_id=183,31508,183
19,False,,38.903584,-77.044789,20th & L St NW,42,"[u'KEY', u'CREDITCARD']",http://app.capitalbikeshare.com/vIiR/zVsfTIsOTF?station_id=185,31250,185
19,False,,38.903819,-77.0284,12th & L St NW,42,"[u'KEY', u'CREDITCARD']",http://app.capitalbikeshare.com/vIiR/zVsfTIsOTF?station_id=186,31251,186
19,False,,38.901539,-77.046564,21st St & Pennsylvania Ave NW,42,"[u'KEY', u'CREDITCARD']",http://app.capitalbikeshare.com/vIiR/zVsfTIsOTF?station_id=187,31252,187
23,False,,38.902204,-77.04337,19th & K St NW,42,"[u'KEY', u'CREDITCARD']",http://app.capitalbikeshare.com/vIiR/zVsfTIsOTF?station_id=188,31253,188
19,False,,38.803124,-77.040363,Prince St & Union St,40,"[u'KEY', u'CREDITCARD']",http://app.capitalbikeshare.com/vIiR/zVsfTIsOTF?station_id=189,31041,189
15,False,,38.804718,-77.043363,Market Square / King St & Royal St,40,"[u'KEY', u'CREDITCARD']",http://app.capitalbikeshare.com/vIiR/zVsfTIsOTF?station_id=190,31042,190
15,False,,38.810743,-77.044664,Saint Asaph St & Pendleton  St,40,"[u'KEY', u'CREDITCARD']",http://app.capitalbikeshare.com/vIiR/zVsfTIsOTF?station_id=191,31043,191
15,False,,38.805317,-77.049883,King St & Patrick St,40,"[u'KEY', u'CREDITCARD']",http://app.capitalbikeshare.com/vIiR/zVsfTIsOTF?station_id=192,31044,192
27,False,,38.902,-77.03353,15th & K St NW,42,"[u'KEY', u'CREDITCARD']",http://app.capitalbikeshare.com/vIiR/zVsfTIsOTF?station_id=193,31254,193
15,False,,38.805648,-77.05293,Commerce St & Fayette St,40,"[u'KEY', u'CREDITCARD']",http://app.capitalbikeshare.com/vIiR/zVsfTIsOTF?station_id=194,31045,194
17,False,,38.811456,-77.050276,Henry St & Pendleton St,40,"[u'KEY', u'CREDITCARD']",http://app.capitalbikeshare.com/vIiR/zVsfTIsOTF?station_id=195,31046,195
29,True,,38.814577,-77.052808,Braddock Rd Metro,40,"[u'KEY', u'CREDITCARD']",http://app.capitalbikeshare.com/vIiR/zVsfTIsOTF?station_id=196,31047,196
23,False,,38.805767,-77.06072,King St Metro South,40,"[u'KEY', u'CREDITCARD']",http://app.capitalbikeshare.com/vIiR/zVsfTIsOTF?station_id=197,31048,197
15,False,,38.9066,-77.05152,24th & N St NW,42,"[u'KEY', u'CREDITCARD']",http://app.capitalbikeshare.com/vIiR/zVsfTIsOTF?station_id=198,31255,198
15,False,,38.895914,-77.026064,10th & E St NW,42,"[u'KEY', u'CREDITCARD']",http://app.capitalbikeshare.com/vIiR/zVsfTIsOTF?station_id=199,31256,199
15,False,,38.90088,-77.048911,22nd & I St NW / Foggy Bottom,42,"[u'KEY', u'CREDITCARD']",http://app.capitalbikeshare.com/vIiR/zVsfTIsOTF?station_id=200,31257,200
11,False,,38.883669,-77.113905,Utah St & 11th St N ,41,"[u'KEY', u'CREDITCARD']",http://app.capitalbikeshare.com/vIiR/zVsfTIsOTF?station_id=201,31049,201
11,False,,38.884961,-77.08777,Barton St & 10th St N,41,"[u'KEY', u'CREDITCARD']",http://app.capitalbikeshare.com/vIiR/zVsfTIsOTF?station_id=202,31050,202
11,False,,38.889365,-77.077294,Arlington Blvd & N Queen St,41,"[u'KEY', u'CREDITCARD']",http://app.capitalbikeshare.com/vIiR/zVsfTIsOTF?station_id=203,31051,203
25,False,,38.888251,-77.049426,Lincoln Memorial,42,"[u'KEY', u'CREDITCARD']",http://app.capitalbikeshare.com/vIiR/zVsfTIsOTF?station_id=204,31258,204
15,False,,38.894722,-77.045128,20th St & Virginia Ave NW,42,"[u'KEY', u'CREDITCARD']",http://app.capitalbikeshare.com/vIiR/zVsfTIsOTF?station_id=206,31259,206
19,False,,38.90093,-77.018677,5th St & Massachusetts Ave NW,42,"[u'KEY', u'CREDITCARD']",http://app.capitalbikeshare.com/vIiR/zVsfTIsOTF?station_id=207,31265,207
15,False,,38.943837,-77.077078,39th & Veazey St NW,42,"[u'KEY', u'CREDITCARD']",http://app.capitalbikeshare.com/vIiR/zVsfTIsOTF?station_id=208,31308,208
15,False,,38.954812,-77.082426,Fessenden St & Wisconsin Ave NW,42,"[u'KEY', u'CREDITCARD']",http://app.capitalbikeshare.com/vIiR/zVsfTIsOTF?station_id=209,31309,209
23,False,,38.905707,-77.003041,M St & Delaware Ave NE,42,"[u'KEY', u'CREDITCARD']",http://app.capitalbikeshare.com/vIiR/zVsfTIsOTF?station_id=210,31627,210
15,False,,38.863833,-77.080319,Columbia Pike & S Courthouse Rd,41,"[u'KEY', u'CREDITCARD']",http://app.capitalbikeshare.com/vIiR/zVsfTIsOTF?station_id=211,31053,211
11,False,,38.857803,-77.086733,Walter Reed Community Center / Walter Reed Dr & 16th St S,41,"[u'KEY', u'CREDITCARD']",http://app.capitalbikeshare.com/vIiR/zVsfTIsOTF?station_id=212,31054,212
15,False,,38.846222,-77.069275,28th St S & S Meade St,41,"[u'KEY', u'CREDITCARD']",http://app.capitalbikeshare.com/vIiR/zVsfTIsOTF?station_id=213,31055,213
23,False,,38.918809,-77.041571,18th St & Wyoming Ave NW,42,"[u'KEY', u'CREDITCARD']",http://app.capitalbikeshare.com/vIiR/zVsfTIsOTF?station_id=214,31114,214
15,False,,38.9565555477,-77.0198142529,5th & Kennedy St NW,42,"[u'KEY', u'CREDITCARD']",http://app.capitalbikeshare.com/vIiR/zVsfTIsOTF?station_id=215,31403,215
19,False,,38.949662,-77.027333,Georgia Ave & Emerson St NW,42,"[u'KEY', u'CREDITCARD']",http://app.capitalbikeshare.com/vIiR/zVsfTIsOTF?station_id=216,31405,216
19,False,,38.942016,-77.032652,14th & Upshur St NW,42,"[u'KEY', u'CREDITCARD']",http://app.capitalbikeshare.com/vIiR/zVsfTIsOTF?station_id=217,31406,217
19,False,,38.956432,-77.032947,14th St & Colorado Ave NW,42,"[u'KEY', u'CREDITCARD']",http://app.capitalbikeshare.com/vIiR/zVsfTIsOTF?station_id=218,31407,218
11,False,,38.847977,-77.075104,S Troy St & 26th St S,41,"[u'KEY', u'CREDITCARD']",http://app.capitalbikeshare.com/vIiR/zVsfTIsOTF?station_id=219,31056,219
11,False,,38.8444,-77.085931,S Four Mile Run Dr & S Shirlington Rd,41,"[u'KEY', u'CREDITCARD']",http://app.capitalbikeshare.com/vIiR/zVsfTIsOTF?station_id=220,31057,220
11,False,,38.860789,-77.09586,S Oakland St & Columbia Pike,41,"[u'KEY', u'CREDITCARD']",http://app.capitalbikeshare.com/vIiR/zVsfTIsOTF?station_id=221,31058,221
11,False,,38.84736,-77.095431,S Four Mile Run & Walter Reed Dr,41,"[u'KEY', u'CREDITCARD']",http://app.capitalbikeshare.com/vIiR/zVsfTIsOTF?station_id=222,31059,222
15,False,,38.84232,-77.089555,S Arlington Mill Dr & Campbell Ave,41,"[u'KEY', u'CREDITCARD']",http://app.capitalbikeshare.com/vIiR/zVsfTIsOTF?station_id=223,31060,223
11,False,,38.848454,-77.084918,S Kenmore & 24th St S,41,"[u'KEY', u'CREDITCARD']",http://app.capitalbikeshare.com/vIiR/zVsfTIsOTF?station_id=224,31061,224
15,False,,38.987,-77.029417,13th St & Eastern Ave,44,"[u'KEY', u'CREDITCARD']",http://app.capitalbikeshare.com/vIiR/zVsfTIsOTF?station_id=225,32006,225
19,False,,38.90849,-77.063586,Wisconsin Ave & O St NW,42,"[u'KEY', u'CREDITCARD']",http://app.capitalbikeshare.com/vIiR/zVsfTIsOTF?station_id=226,31312,226
11,False,,38.854691,-77.100555,S George Mason Dr & 13th St S,41,"[u'KEY', u'CREDITCARD']",http://app.capitalbikeshare.com/vIiR/zVsfTIsOTF?station_id=227,31062,227
23,False,,38.955016,-77.069956,Connecticut & Nebraska Ave NW,42,"[u'KEY', u'CREDITCARD']",http://app.capitalbikeshare.com/vIiR/zVsfTIsOTF?station_id=228,31310,228
19,False,,38.908142,-77.038359,17th St & Massachusetts Ave NW,42,"[u'KEY', u'CREDITCARD']",http://app.capitalbikeshare.com/vIiR/zVsfTIsOTF?station_id=229,31267,229
15,False,,38.92333,-77.0352,15th & Euclid St  NW,42,"[u'KEY', u'CREDITCARD']",http://app.capitalbikeshare.com/vIiR/zVsfTIsOTF?station_id=230,31117,230
11,False,,38.889988,-76.995193,8th & East Capitol St NE,42,"[u'KEY', u'CREDITCARD']",http://app.capitalbikeshare.com/vIiR/zVsfTIsOTF?station_id=231,31629,231
15,False,,38.912659,-77.017669,New Jersey Ave & R St NW,42,"[u'KEY', u'CREDITCARD']",http://app.capitalbikeshare.com/vIiR/zVsfTIsOTF?station_id=232,31509,232
11,False,,38.889908,-76.983326,15th & East Capitol St NE,42,"[u'KEY', u'CREDITCARD']",http://app.capitalbikeshare.com/vIiR/zVsfTIsOTF?station_id=233,31630,233
15,False,,38.897274,-76.994749,8th & F St NE,42,"[u'KEY', u'CREDITCARD']",http://app.capitalbikeshare.com/vIiR/zVsfTIsOTF?station_id=234,31631,234
15,False,,38.927095,-76.978924,18th St & Rhode Island Ave NE,42,"[u'KEY', u'CREDITCARD']",http://app.capitalbikeshare.com/vIiR/zVsfTIsOTF?station_id=235,31510,235
19,False,,38.897195,-76.983575,15th & F St NE,42,"[u'KEY', u'CREDITCARD']",http://app.capitalbikeshare.com/vIiR/zVsfTIsOTF?station_id=236,31632,236
15,False,,38.928644,-76.990955,12th & Irving St NE,42,"[u'KEY', u'CREDITCARD']",http://app.capitalbikeshare.com/vIiR/zVsfTIsOTF?station_id=237,31511,237
11,False,,38.843222,-76.999388,Alabama & MLK Ave SE,42,"[u'KEY', u'CREDITCARD']",http://app.capitalbikeshare.com/vIiR/zVsfTIsOTF?station_id=239,31800,239
11,False,,38.863897,-76.990037,Pleasant St & MLK Ave SE,42,"[u'KEY', u'CREDITCARD']",http://app.capitalbikeshare.com/vIiR/zVsfTIsOTF?station_id=240,31807,240
15,False,,38.903732,-76.987211,Neal St & Trinidad Ave NE,42,"[u'KEY', u'CREDITCARD']",http://app.capitalbikeshare.com/vIiR/zVsfTIsOTF?station_id=241,31512,241
31,False,,38.916787,-77.028139,12th & U St NW,42,"[u'KEY', u'CREDITCARD']",http://app.capitalbikeshare.com/vIiR/zVsfTIsOTF?station_id=242,31268,242
11,False,,38.852248,-77.105022,S George Mason Dr & Four Mile Run,41,"[u'KEY', u'CREDITCARD']",http://app.capitalbikeshare.com/vIiR/zVsfTIsOTF?station_id=243,31063,243
11,False,,38.834108,-77.087323,S Stafford & 34th St S,41,"[u'KEY', u'CREDITCARD']",http://app.capitalbikeshare.com/vIiR/zVsfTIsOTF?station_id=244,31064,244
11,False,,38.880705,-77.08596,N Pershing Dr & Wayne St,41,"[u'KEY', u'CREDITCARD']",http://app.capitalbikeshare.com/vIiR/zVsfTIsOTF?station_id=245,31065,245
11,False,,38.867262,-77.072315,Columbia Pike & S Orme St,41,"[u'KEY', u'CREDITCARD']",http://app.capitalbikeshare.com/vIiR/zVsfTIsOTF?station_id=246,31066,246
15,False,,38.887378,-77.001955,3rd St & Pennsylvania Ave SE,42,"[u'KEY', u'CREDITCARD']",http://app.capitalbikeshare.com/vIiR/zVsfTIsOTF?station_id=247,31269,247
15,False,,38.894851,-77.02324,8th & D St NW,42,"[u'KEY', u'CREDITCARD']",http://app.capitalbikeshare.com/vIiR/zVsfTIsOTF?station_id=248,31270,248
15,False,,38.917622,-77.01597,3rd & Elm St NW,42,"[u'KEY', u'CREDITCARD']",http://app.capitalbikeshare.com/vIiR/zVsfTIsOTF?station_id=249,31118,249
19,False,,38.918155,-77.004746,Rhode Island Ave & V St NE,42,"[u'KEY', u'CREDITCARD']",http://app.capitalbikeshare.com/vIiR/zVsfTIsOTF?station_id=250,31513,250
27,False,,38.892275,-77.013917,Constitution Ave & 2nd St NW/DOL,42,"[u'KEY', u'CREDITCARD']",http://app.capitalbikeshare.com/vIiR/zVsfTIsOTF?station_id=251,31271,251
31,False,,38.886978,-77.013769,Washington & Independence Ave SW/HHS,42,"[u'KEY', u'CREDITCARD']",http://app.capitalbikeshare.com/vIiR/zVsfTIsOTF?station_id=252,31272,252
15,False,,38.887312,-77.025762,Independence Ave & L'Enfant Plaza SW/DOE,42,"[u'KEY', u'CREDITCARD']",http://app.capitalbikeshare.com/vIiR/zVsfTIsOTF?station_id=253,31633,253
15,False,,38.927497,-76.997194,Hamlin & 7th St NE,42,"[u'KEY', u'CREDITCARD']",http://app.capitalbikeshare.com/vIiR/zVsfTIsOTF?station_id=254,31514,254
12,False,,38.862478,-77.086599,Columbia Pike & S Walter Reed Dr,41,"[u'KEY', u'CREDITCARD']",http://app.capitalbikeshare.com/vIiR/zVsfTIsOTF?station_id=255,31067,255
15,False,,38.856319,-77.11153,Columbia Pike & S Dinwiddie St / Arlington Mill Community Center,41,"[u'KEY', u'CREDITCARD']",http://app.capitalbikeshare.com/vIiR/zVsfTIsOTF?station_id=256,31068,256
11,False,,38.871822,-77.107906,Pershing & N George Mason Dr,41,"[u'KEY', u'CREDITCARD']",http://app.capitalbikeshare.com/vIiR/zVsfTIsOTF?station_id=257,31069,257
15,False,,38.985404,-77.023082,Fenton St & New York Ave ,44,"[u'KEY', u'CREDITCARD']",http://app.capitalbikeshare.com/vIiR/zVsfTIsOTF?station_id=258,32001,258
19,False,,38.981103,-77.097426,Bethesda Ave & Arlington Rd,44,"[u'KEY', u'CREDITCARD']",http://app.capitalbikeshare.com/vIiR/zVsfTIsOTF?station_id=259,32002,259
11,False,,38.983838,-77.09221,Montgomery Ave & Waverly St ,44,"[u'KEY', u'CREDITCARD']",http://app.capitalbikeshare.com/vIiR/zVsfTIsOTF?station_id=260,32003,260
11,False,,38.988562,-77.096539,Norfolk Ave & Fairmont St,44,"[u'KEY', u'CREDITCARD']",http://app.capitalbikeshare.com/vIiR/zVsfTIsOTF?station_id=263,32000,263
11,False,,38.98954,-77.098029,Cordell & Norfolk Ave,44,"[u'KEY', u'CREDITCARD']",http://app.capitalbikeshare.com/vIiR/zVsfTIsOTF?station_id=265,32008,265
15,False,,38.98128,-77.011336,Philadelphia & Maple Ave,44,"[u'KEY', u'CREDITCARD']",http://app.capitalbikeshare.com/vIiR/zVsfTIsOTF?station_id=267,32010,267
19,False,,38.983627,-77.006311,Maple & Ritchie Ave,44,"[u'KEY', u'CREDITCARD']",http://app.capitalbikeshare.com/vIiR/zVsfTIsOTF?station_id=268,32011,268
19,False,,38.99521,-77.02918,Silver Spring Metro/Colesville Rd & Wayne Ave,44,"[u'KEY', u'CREDITCARD']",http://app.capitalbikeshare.com/vIiR/zVsfTIsOTF?station_id=269,32012,269
11,False,,38.983525,-77.095367,Montgomery & East Ln,44,"[u'KEY', u'CREDITCARD']",http://app.capitalbikeshare.com/vIiR/zVsfTIsOTF?station_id=270,32013,270
19,False,,38.961763,-77.085998,Friendship Hts Metro/Wisconsin Ave & Wisconsin Cir,44,"[u'KEY', u'CREDITCARD']",http://app.capitalbikeshare.com/vIiR/zVsfTIsOTF?station_id=271,32014,271
15,False,,38.921074,-77.031887,14th & Belmont St NW,42,"[u'KEY', u'CREDITCARD']",http://app.capitalbikeshare.com/vIiR/zVsfTIsOTF?station_id=272,31119,272
19,False,,38.87501,-77.0024,3rd & Tingey St SE,42,"[u'KEY', u'CREDITCARD']",http://app.capitalbikeshare.com/vIiR/zVsfTIsOTF?station_id=273,31634,273
19,False,,38.920387,-77.025672,10th & Florida Ave NW,42,"[u'KEY', u'CREDITCARD']",http://app.capitalbikeshare.com/vIiR/zVsfTIsOTF?station_id=274,31120,274
15,False,,38.876737,-76.994468,Potomac Ave & 8th St SE,42,"[u'KEY', u'CREDITCARD']",http://app.capitalbikeshare.com/vIiR/zVsfTIsOTF?station_id=275,31635,275
15,False,,38.990249,-77.02935,East West Hwy & Blair Mill Rd,44,"[u'KEY', u'CREDITCARD']",http://app.capitalbikeshare.com/vIiR/zVsfTIsOTF?station_id=280,32019,280
15,False,,38.982456,-77.091991,47th & Elm St,44,"[u'KEY', u'CREDITCARD']",http://app.capitalbikeshare.com/vIiR/zVsfTIsOTF?station_id=282,32021,282
15,False,,39.0253871962,-77.0445629954,Dennis & Amherst Ave,44,"[u'KEY', u'CREDITCARD']",http://app.capitalbikeshare.com/vIiR/zVsfTIsOTF?station_id=283,32022,283
11,False,,38.989724,-77.023854,Fenton St & Gist Ave,44,"[u'KEY', u'CREDITCARD']",http://app.capitalbikeshare.com/vIiR/zVsfTIsOTF?station_id=285,32024,285
15,False,,38.975,-77.01121,Carroll & Westmoreland Ave,44,"[u'KEY', u'CREDITCARD']",http://app.capitalbikeshare.com/vIiR/zVsfTIsOTF?station_id=286,32025,286
15,False,,38.977933,-77.006472,Carroll & Ethan Allen Ave,44,"[u'KEY', u'CREDITCARD']",http://app.capitalbikeshare.com/vIiR/zVsfTIsOTF?station_id=287,32026,287
15,False,,38.992375,-77.100104,Battery Ln & Trolley Trail,44,"[u'KEY', u'CREDITCARD']",http://app.capitalbikeshare.com/vIiR/zVsfTIsOTF?station_id=288,32027,288
11,False,,38.990639,-77.100239,Norfolk & Rugby Ave,44,"[u'KEY', u'CREDITCARD']",http://app.capitalbikeshare.com/vIiR/zVsfTIsOTF?station_id=289,32028,289
11,False,,38.977093,-77.094589,Offutt Ln & Chevy Chase Dr,44,"[u'KEY', u'CREDITCARD']",http://app.capitalbikeshare.com/vIiR/zVsfTIsOTF?station_id=290,32029,290
15,False,,38.992679,-77.029457,Ripley & Bonifant St,44,"[u'KEY', u'CREDITCARD']",http://app.capitalbikeshare.com/vIiR/zVsfTIsOTF?station_id=295,32034,295
11,False,,38.999388,-77.031555,Georgia Ave & Spring St,44,"[u'KEY', u'CREDITCARD']",http://app.capitalbikeshare.com/vIiR/zVsfTIsOTF?station_id=296,32035,296
15,False,,38.997033,-77.025608,Fenton St & Ellsworth Dr ,44,"[u'KEY', u'CREDITCARD']",http://app.capitalbikeshare.com/vIiR/zVsfTIsOTF?station_id=297,32036,297
19,False,,38.923583,-77.050046,Calvert St & Woodley Pl NW,42,"[u'KEY', u'CREDITCARD']",http://app.capitalbikeshare.com/vIiR/zVsfTIsOTF?station_id=301,31121,301
19,False,,38.90706,-77.015231,New Jersey Ave & N St NW/Dunbar HS,42,"[u'KEY', u'CREDITCARD']",http://app.capitalbikeshare.com/vIiR/zVsfTIsOTF?station_id=302,31636,302
11,False,,38.898536,-76.931862,Nannie Helen Burroughs Ave & 49th St NE,42,"[u'KEY', u'CREDITCARD']",http://app.capitalbikeshare.com/vIiR/zVsfTIsOTF?station_id=303,31710,303
15,False,,38.908473,-76.933099,Deanwood Rec Center,42,"[u'KEY', u'CREDITCARD']",http://app.capitalbikeshare.com/vIiR/zVsfTIsOTF?station_id=304,31711,304
17,False,,38.878433,-77.03023,Hains Point/Buckeye & Ohio Dr SW,42,"[u'KEY', u'CREDITCARD']",http://app.capitalbikeshare.com/vIiR/zVsfTIsOTF?station_id=305,31273,305
11,False,,38.873755,-77.089233,Arlington Blvd & Fillmore St,41,"[u'KEY', u'CREDITCARD']",http://app.capitalbikeshare.com/vIiR/zVsfTIsOTF?station_id=306,31070,306
11,False,,38.86646,-77.04826,Long Bridge Park/Long Bridge Dr & 6th St S,41,"[u'KEY', u'CREDITCARD']",http://app.capitalbikeshare.com/vIiR/zVsfTIsOTF?station_id=307,31071,307
19,False,,38.999634,-77.109647,Old Georgetown Rd & Southwick St,44,"[u'KEY', u'CREDITCARD']",http://app.capitalbikeshare.com/vIiR/zVsfTIsOTF?station_id=308,32039,308
19,False,,38.96115,-77.088659,Friendship Blvd & Willard Ave,44,"[u'KEY', u'CREDITCARD']",http://app.capitalbikeshare.com/vIiR/zVsfTIsOTF?station_id=309,32040,309
19,False,,38.899703,-77.008911,North Capitol St & G Pl NE,42,"[u'KEY', u'CREDITCARD']",http://app.capitalbikeshare.com/vIiR/zVsfTIsOTF?station_id=310,31637,310
11,False,,38.837666,-77.09482,31st & Woodrow St S,41,"[u'KEY', u'CREDITCARD']",http://app.capitalbikeshare.com/vIiR/zVsfTIsOTF?station_id=311,31072,311
15,False,,38.873219,-77.082104,Washington Blvd & Walter Reed Dr ,41,"[u'KEY', u'CREDITCARD']",http://app.capitalbikeshare.com/vIiR/zVsfTIsOTF?station_id=312,31073,312
15,False,,38.869418,-77.095596,TJ Cmty Ctr / 2nd St & S Old Glebe Rd,41,"[u'KEY', u'CREDITCARD']",http://app.capitalbikeshare.com/vIiR/zVsfTIsOTF?station_id=313,31074,313
15,False,,38.941154,-77.062036,Connecticut Ave & Tilden St NW,42,"[u'KEY', u'CREDITCARD']",http://app.capitalbikeshare.com/vIiR/zVsfTIsOTF?station_id=314,31313,314
11,False,,38.997445,-77.023894,Veterans Pl & Pershing Dr ,44,"[u'KEY', u'CREDITCARD']",http://app.capitalbikeshare.com/vIiR/zVsfTIsOTF?station_id=317,32043,317
15,False,,38.900358,-77.012108,1st & H St NW,42,"[u'KEY', u'CREDITCARD']",http://app.capitalbikeshare.com/vIiR/zVsfTIsOTF?station_id=319,31638,319
19,False,,38.952369,-77.002721,Fort Totten Metro,42,"[u'KEY', u'CREDITCARD']",http://app.capitalbikeshare.com/vIiR/zVsfTIsOTF?station_id=320,31515,320
19,False,,38.975219,-77.016855,Takoma Metro,42,"[u'KEY', u'CREDITCARD']",http://app.capitalbikeshare.com/vIiR/zVsfTIsOTF?station_id=321,31408,321
19,False,,38.920682,-76.995876,Rhode Island Ave Metro,42,"[u'KEY', u'CREDITCARD']",http://app.capitalbikeshare.com/vIiR/zVsfTIsOTF?station_id=322,31516,322
11,False,,38.866471,-77.076131,Rolfe St & 9th St S,41,"[u'KEY', u'CREDITCARD']",http://app.capitalbikeshare.com/vIiR/zVsfTIsOTF?station_id=323,31075,323
15,False,,38.839912,-77.087083,Shirlington Transit Center / S Quincy & Randolph St,41,"[u'KEY', u'CREDITCARD']",http://app.capitalbikeshare.com/vIiR/zVsfTIsOTF?station_id=324,31076,324
19,False,,38.964992,-77.103381,River Rd & Landy Ln,44,"[u'KEY', u'CREDITCARD']",http://app.capitalbikeshare.com/vIiR/zVsfTIsOTF?station_id=326,32046,326
12,False,,38.984691,-77.094537,Bethesda Metro,44,"[u'KEY', u'CREDITCARD']",http://app.capitalbikeshare.com/vIiR/zVsfTIsOTF?station_id=328,32048,328
19,False,,38.88992,-77.071301,Iwo Jima Memorial/N Meade & 14th St N,41,"[u'KEY', u'CREDITCARD']",http://app.capitalbikeshare.com/vIiR/zVsfTIsOTF?station_id=329,31077,329
19,False,,38.9036626901,-77.0676684381,34th & Water St NW,42,"[u'KEY', u'CREDITCARD']",http://app.capitalbikeshare.com/vIiR/zVsfTIsOTF?station_id=330,31314,330
15,False,,38.804378,-77.060866,Duke St & John Carlyle St,40,"[u'KEY', u'CREDITCARD']",http://app.capitalbikeshare.com/vIiR/zVsfTIsOTF?station_id=331,31081,331
15,False,,38.894941,-77.09169,Lee Hwy & N Cleveland St,41,"[u'KEY', u'CREDITCARD']",http://app.capitalbikeshare.com/vIiR/zVsfTIsOTF?station_id=332,31079,332
15,False,,38.869442,-77.104503,Arlington Blvd & S George Mason Dr/NFATC,41,"[u'KEY', u'CREDITCARD']",http://app.capitalbikeshare.com/vIiR/zVsfTIsOTF?station_id=333,31078,333
23,False,,38.8982432877,-77.0262354612,10th & G St NW,42,"[u'KEY', u'CREDITCARD']",http://app.capitalbikeshare.com/vIiR/zVsfTIsOTF?station_id=334,31274,334
15,False,,38.897612,-77.080851,Lee Hwy & N Scott St,41,"[u'KEY', u'CREDITCARD']",http://app.capitalbikeshare.com/vIiR/zVsfTIsOTF?station_id=335,31080,335
19,False,,38.901755,-77.051084,New Hampshire Ave & 24th St NW,42,"[u'KEY', u'CREDITCARD']",http://app.capitalbikeshare.com/vIiR/zVsfTIsOTF?station_id=336,31275,336
15,False,,38.801111,-77.068952,Eisenhower Ave & Mill Race Ln,40,"[u'KEY', u'CREDITCARD']",http://app.capitalbikeshare.com/vIiR/zVsfTIsOTF?station_id=337,31082,337
11,False,,38.82175,-77.047494,Potomac Greens Dr & Slaters Ln,40,"[u'KEY', u'CREDITCARD']",http://app.capitalbikeshare.com/vIiR/zVsfTIsOTF?station_id=338,31083,338
19,False,,38.802677,-77.063562,Ballenger Ave & Dulaney St,40,"[u'KEY', u'CREDITCARD']",http://app.capitalbikeshare.com/vIiR/zVsfTIsOTF?station_id=339,31084,339
11,False,,38.820064,-77.057619,Mount Vernon Ave & E Nelson Ave,40,"[u'KEY', u'CREDITCARD']",http://app.capitalbikeshare.com/vIiR/zVsfTIsOTF?station_id=340,31085,340
15,False,,38.82595,-77.058541,Mount Vernon Ave & E Del Ray Ave,40,"[u'KEY', u'CREDITCARD']",http://app.capitalbikeshare.com/vIiR/zVsfTIsOTF?station_id=341,31086,341
15,False,,38.820932,-77.053096,Monroe Ave & Leslie Ave,40,"[u'KEY', u'CREDITCARD']",http://app.capitalbikeshare.com/vIiR/zVsfTIsOTF?station_id=342,31087,342
15,False,,38.833077,-77.059821,Mount Vernon Ave & Kennedy St,40,"[u'KEY', u'CREDITCARD']",http://app.capitalbikeshare.com/vIiR/zVsfTIsOTF?station_id=343,31088,343
21,True,,38.890612,-77.084801,Court House Metro / 15th & N Uhle St ,41,"[u'KEY', u'CREDITCARD']",http://app.capitalbikeshare.com/vIiR/zVsfTIsOTF?station_id=344,31089,344
15,False,,38.986743,-77.000035,Washington Adventist U / Flower Ave & Division St,44,"[u'KEY', u'CREDITCARD']",http://app.capitalbikeshare.com/vIiR/zVsfTIsOTF?station_id=345,32049,345
15,False,,38.864702,-77.048672,6th & S Ball St,41,"[u'KEY', u'CREDITCARD']",http://app.capitalbikeshare.com/vIiR/zVsfTIsOTF?station_id=346,31090,346
19,False,,38.96497,-77.075946,McKinley St & Connecticut Ave NW,42,"[u'KEY', u'CREDITCARD']",http://app.capitalbikeshare.com/vIiR/zVsfTIsOTF?station_id=347,31315,347
23,False,,38.90366,-77.034846,15th & L St NW,42,"[u'KEY', u'CREDITCARD']",http://app.capitalbikeshare.com/vIiR/zVsfTIsOTF?station_id=348,31276,348
31,False,,38.89841,-77.039624,17th & G St NW,42,"[u'KEY', u'CREDITCARD']",http://app.capitalbikeshare.com/vIiR/zVsfTIsOTF?station_id=349,31277,349
15,False,,38.997653,-77.034499,Spring St & Second Ave,44,"[u'KEY', u'CREDITCARD']",http://app.capitalbikeshare.com/vIiR/zVsfTIsOTF?station_id=350,32050,350
19,False,,38.912648,-77.041834,18th & R St NW,42,"[u'KEY', u'CREDITCARD']",http://app.capitalbikeshare.com/vIiR/zVsfTIsOTF?station_id=351,31278,351
15,False,,38.859254,-77.063275,S Joyce & 16th St S,41,"[u'KEY', u'CREDITCARD']",http://app.capitalbikeshare.com/vIiR/zVsfTIsOTF?station_id=352,31091,352
23,False,,38.908008,-76.996985,Union Market/6th St & Neal Pl NE,42,"[u'KEY', u'CREDITCARD']",http://app.capitalbikeshare.com/vIiR/zVsfTIsOTF?station_id=353,31517,353
15,False,,38.896456,-77.104562,Lee Hwy & N Monroe St,41,"[u'KEY', u'CREDITCARD']",http://app.capitalbikeshare.com/vIiR/zVsfTIsOTF?station_id=354,31092,354
15,False,,38.898984,-77.078317,21st St N & N Pierce St,41,"[u'KEY', u'CREDITCARD']",http://app.capitalbikeshare.com/vIiR/zVsfTIsOTF?station_id=355,31093,355
15,False,,38.895377,-77.09713,Lee Hwy & N Kirkwood Rd,41,"[u'KEY', u'CREDITCARD']",http://app.capitalbikeshare.com/vIiR/zVsfTIsOTF?station_id=356,31094,356
23,False,,38.898412,-77.043182,19th & G St NW,42,"[u'KEY', u'CREDITCARD']",http://app.capitalbikeshare.com/vIiR/zVsfTIsOTF?station_id=357,31279,357
19,False,,38.9147511088,-77.0035600662,2nd St & Seaton Pl NE,42,"[u'KEY', u'CREDITCARD']",http://app.capitalbikeshare.com/vIiR/zVsfTIsOTF?station_id=358,31522,358
15,False,,38.876528,-77.12712,Wilson Blvd & N Illinois St ,41,"[u'KEY', u'CREDITCARD']",http://app.capitalbikeshare.com/vIiR/zVsfTIsOTF?station_id=359,31902,359
11,False,,38.8627559143,-77.0671847463,Army Navy Dr & S Nash St,41,"[u'KEY', u'CREDITCARD']",http://app.capitalbikeshare.com/vIiR/zVsfTIsOTF?station_id=364,31095,364
19,False,,38.902814,-77.061043,31st & Water St NW,42,"[u'KEY', u'CREDITCARD']",http://app.capitalbikeshare.com/vIiR/zVsfTIsOTF?station_id=365,31293,365
23,False,,38.913761,-77.027025,11th & S St NW,42,"[u'KEY', u'CREDITCARD']",http://app.capitalbikeshare.com/vIiR/zVsfTIsOTF?station_id=367,31280,367
15,False,,38.86612,-77.08787,S Walter Reed Dr & 8th St S,41,"[u'KEY', u'CREDITCARD']",http://app.capitalbikeshare.com/vIiR/zVsfTIsOTF?station_id=368,31096,368
23,False,,38.89967,-77.003666,2nd & G St NE,42,"[u'KEY', u'CREDITCARD']",http://app.capitalbikeshare.com/vIiR/zVsfTIsOTF?station_id=369,31639,369
19,False,,38.90864,-77.02277,8th & O St NW,42,"[u'KEY', u'CREDITCARD']",http://app.capitalbikeshare.com/vIiR/zVsfTIsOTF?station_id=370,31281,370
19,False,,38.961339,-77.027855,Georgia & Missouri Ave NW,42,"[u'KEY', u'CREDITCARD']",http://app.capitalbikeshare.com/vIiR/zVsfTIsOTF?station_id=371,31411,371
19,False,,38.894474,-76.974828,Oklahoma Ave & D St NE,42,"[u'KEY', u'CREDITCARD']",http://app.capitalbikeshare.com/vIiR/zVsfTIsOTF?station_id=373,31712,373
19,False,,38.896134,-76.9929,Maryland Ave & E St NE,42,"[u'KEY', u'CREDITCARD']",http://app.capitalbikeshare.com/vIiR/zVsfTIsOTF?station_id=374,31640,374
23,False,,38.915604,-76.983683,New York Ave & Hecht Ave NE,42,"[u'KEY', u'CREDITCARD']",http://app.capitalbikeshare.com/vIiR/zVsfTIsOTF?station_id=375,31518,375
19,False,,38.946182,-77.08059,Yuma St & Tenley Circle NW,42,"[u'KEY', u'CREDITCARD']",http://app.capitalbikeshare.com/vIiR/zVsfTIsOTF?station_id=376,31316,376
15,False,,38.994113,-77.076986,Connecticut Ave & Chevy Chase Lake Dr,44,"[u'KEY', u'CREDITCARD']",http://app.capitalbikeshare.com/vIiR/zVsfTIsOTF?station_id=377,32051,377
19,False,,38.898301,-77.118009,Lee Hwy & N Woodstock St,41,"[u'KEY', u'CREDITCARD']",http://app.capitalbikeshare.com/vIiR/zVsfTIsOTF?station_id=379,31900,379
15,False,,38.812718,-77.044097,Saint Asaph & Madison St,40,"[u'KEY', u'CREDITCARD']",http://app.capitalbikeshare.com/vIiR/zVsfTIsOTF?station_id=380,31097,380
15,False,,38.80704,-77.059817,King St Metro North / Cameron St,40,"[u'KEY', u'CREDITCARD']",http://app.capitalbikeshare.com/vIiR/zVsfTIsOTF?station_id=381,31098,381
15,False,,38.813485,-77.049468,Madison & N Henry St,40,"[u'KEY', u'CREDITCARD']",http://app.capitalbikeshare.com/vIiR/zVsfTIsOTF?station_id=382,31099,382
19,False,,38.999378,-77.097882,Medical Center Metro ,44,"[u'KEY', u'CREDITCARD']",http://app.capitalbikeshare.com/vIiR/zVsfTIsOTF?station_id=383,32053,383
11,False,,38.884829,-77.127671,Washington Blvd & N Frederick St,41,"[u'KEY', u'CREDITCARD']",http://app.capitalbikeshare.com/vIiR/zVsfTIsOTF?station_id=384,31901,384
19,False,,38.958267,-77.084636,Wisconsin Ave & Ingomar St NW,42,"[u'KEY', u'CREDITCARD']",http://app.capitalbikeshare.com/vIiR/zVsfTIsOTF?station_id=385,31317,385
19,False,,38.928893,-77.03625,16th & Irving St NW,42,"[u'KEY', u'CREDITCARD']",http://app.capitalbikeshare.com/vIiR/zVsfTIsOTF?station_id=386,31122,386
19,False,,38.912652,-77.036278,16th & R St NW,42,"[u'KEY', u'CREDITCARD']",http://app.capitalbikeshare.com/vIiR/zVsfTIsOTF?station_id=387,31282,387
15,False,,38.999679,-77.051168,Lyttonsville Rd & Lyttonsville Pl,44,"[u'KEY', u'CREDITCARD']",http://app.capitalbikeshare.com/vIiR/zVsfTIsOTF?station_id=388,32054,388
11,False,,38.979875,-77.093522,Woodmont Ave & Strathmore St,44,"[u'KEY', u'CREDITCARD']",http://app.capitalbikeshare.com/vIiR/zVsfTIsOTF?station_id=389,32055,389
19,False,,38.903658,-77.031737,14th & L St NW,42,"[u'KEY', u'CREDITCARD']",http://app.capitalbikeshare.com/vIiR/zVsfTIsOTF?station_id=390,31283,390
15,False,,38.908643,-77.012365,1st & O St NW,42,"[u'KEY', u'CREDITCARD']",http://app.capitalbikeshare.com/vIiR/zVsfTIsOTF?station_id=391,31519,391
19,False,,38.831516,-77.008133,South Capitol & Atlantic St SW,42,"[u'KEY', u'CREDITCARD']",http://app.capitalbikeshare.com/vIiR/zVsfTIsOTF?station_id=392,31811,392
19,False,,38.893511,-77.041544,18th & C St NW,42,"[u'KEY', u'CREDITCARD']",http://app.capitalbikeshare.com/vIiR/zVsfTIsOTF?station_id=393,31284,393
19,False,,38.909394,-77.048728,22nd & P ST NW,42,"[u'KEY', u'CREDITCARD']",http://app.capitalbikeshare.com/vIiR/zVsfTIsOTF?station_id=394,31285,394
19,False,,38.995681,-77.038721,East West Hwy & 16th St,44,"[u'KEY', u'CREDITCARD']",http://app.capitalbikeshare.com/vIiR/zVsfTIsOTF?station_id=395,32056,395
15,False,,38.799267,-77.0447,Royal & Wilkes St,40,"[u'KEY', u'CREDITCARD']",http://app.capitalbikeshare.com/vIiR/zVsfTIsOTF?station_id=396,31903,396
23,False,,38.925284,-77.032375,14th & Girard St NW,42,"[u'KEY', u'CREDITCARD']",http://app.capitalbikeshare.com/vIiR/zVsfTIsOTF?station_id=397,31123,397
19,True,,38.822738,-77.049265,Potomac Ave & Main Line Blvd,40,"[u'KEY', u'CREDITCARD']",http://app.capitalbikeshare.com/vIiR/zVsfTIsOTF?station_id=398,31910,398
19,False,,38.90843,-77.02714,11th & O St NW,42,"[u'KEY', u'CREDITCARD']",http://app.capitalbikeshare.com/vIiR/zVsfTIsOTF?station_id=399,31286,399
23,False,,38.884377,-77.025791,10th St & L'Enfant Plaza SW,42,"[u'KEY', u'CREDITCARD']",http://app.capitalbikeshare.com/vIiR/zVsfTIsOTF?station_id=400,31287,400
19,False,,38.947156,-77.065115,Connecticut Ave & Yuma St NW,42,"[u'KEY', u'CREDITCARD']",http://app.capitalbikeshare.com/vIiR/zVsfTIsOTF?station_id=401,31318,401
23,False,,38.894972,-77.003135,2nd St & Massachusetts Ave NE,42,"[u'KEY', u'CREDITCARD']",http://app.capitalbikeshare.com/vIiR/zVsfTIsOTF?station_id=402,31641,402
23,True,,38.828437,-77.086031,Radford & Osage St,40,"[u'KEY', u'CREDITCARD']",http://app.capitalbikeshare.com/vIiR/zVsfTIsOTF?station_id=403,31908,403
19,False,,38.884859,-77.155988,East Falls Church Metro/Sycamore St & 19th St N,41,"[u'KEY', u'CREDITCARD']",http://app.capitalbikeshare.com/vIiR/zVsfTIsOTF?station_id=404,31904,404
15,False,,38.880992,-77.135271,Kennebec St & 11th St N,41,"[u'KEY', u'CREDITCARD']",http://app.capitalbikeshare.com/vIiR/zVsfTIsOTF?station_id=405,31905,405
19,True,,38.812711,-77.061715,Commonwealth Ave & Oak St,40,"[u'KEY', u'CREDITCARD']",http://app.capitalbikeshare.com/vIiR/zVsfTIsOTF?station_id=406,31906,406
15,True,,38.8200582335,-77.0628207922,Commonwealth & E Monroe Ave,40,"[u'KEY', u'CREDITCARD']",http://app.capitalbikeshare.com/vIiR/zVsfTIsOTF?station_id=407,31913,407
19,False,,38.890493,-77.017253,4th St & Madison Dr NW,42,"[u'KEY', u'CREDITCARD']",http://app.capitalbikeshare.com/vIiR/zVsfTIsOTF?station_id=408,31288,408
19,False,,38.890544,-77.049379,Henry Bacon Dr & Lincoln Memorial Circle NW,42,"[u'KEY', u'CREDITCARD']",http://app.capitalbikeshare.com/vIiR/zVsfTIsOTF?station_id=409,31289,409
19,False,,38.888097,-77.038325,17th St & Independence Ave SW,42,"[u'KEY', u'CREDITCARD']",http://app.capitalbikeshare.com/vIiR/zVsfTIsOTF?station_id=410,31290,410
19,True,,38.798133,-77.0487,Franklin & S Washington St,40,"[u'KEY', u'CREDITCARD']",http://app.capitalbikeshare.com/vIiR/zVsfTIsOTF?station_id=411,31907,411
15,True,,38.843422,-77.064016,Mount Vernon Ave & Four Mile Run Park,40,"[u'KEY', u'CREDITCARD']",http://app.capitalbikeshare.com/vIiR/zVsfTIsOTF?station_id=412,31909,412
23,False,,38.903598,-77.01397,New Jersey Ave & L St NW,42,"[u'KEY', u'CREDITCARD']",http://app.capitalbikeshare.com/vIiR/zVsfTIsOTF?station_id=413,31642,413
15,True,,38.841291,-77.063093,Mount Vernon Ave & Bruce St,40,"[u'KEY', u'CREDITCARD']",http://app.capitalbikeshare.com/vIiR/zVsfTIsOTF?station_id=414,31912,414
15,True,,38.797557,-77.053766,Lee Center,40,"[u'KEY', u'CREDITCARD']",http://app.capitalbikeshare.com/vIiR/zVsfTIsOTF?station_id=415,31914,415
15,True,,38.818748,-77.047783,Powhatan St & Bashford Ln,40,"[u'KEY', u'CREDITCARD']",http://app.capitalbikeshare.com/vIiR/zVsfTIsOTF?station_id=416,31915,416
19,True,,38.829545,-77.047844,Potomac & Swann Ave,40,"[u'KEY', u'CREDITCARD']",http://app.capitalbikeshare.com/vIiR/zVsfTIsOTF?station_id=417,31916,417
31,False,,38.928552,-77.032224,14th & Irving St NW,42,"[u'KEY', u'CREDITCARD']",http://app.capitalbikeshare.com/vIiR/zVsfTIsOTF?station_id=418,31124,418
23,False,,38.90268,-77.035737,16th & K St NW,42,"[u'KEY', u'CREDITCARD']",http://app.capitalbikeshare.com/vIiR/zVsfTIsOTF?station_id=419,31291,419
25,False,,38.949813,-77.080217,Wisconsin Ave & Brandywine St NW,42,"[u'KEY', u'CREDITCARD']",http://app.capitalbikeshare.com/vIiR/zVsfTIsOTF?station_id=420,31319,420
19,False,,38.91263,-76.971923,24th & R St NE / National Arboretum,42,"[u'KEY', u'CREDITCARD']",http://app.capitalbikeshare.com/vIiR/zVsfTIsOTF?station_id=421,31520,421
15,False,,38.897407,-76.925907,Division Ave & Foote St NE,42,"[u'KEY', u'CREDITCARD']",http://app.capitalbikeshare.com/vIiR/zVsfTIsOTF?station_id=422,31713,422
23,False,,38.870695,-76.982359,16th & Q St SE / Anacostia HS,42,"[u'KEY', u'CREDITCARD']",http://app.capitalbikeshare.com/vIiR/zVsfTIsOTF?station_id=423,31812,423
19,False,,38.884916,-77.005965,1st & D St SE,42,"[u'KEY', u'CREDITCARD']",http://app.capitalbikeshare.com/vIiR/zVsfTIsOTF?station_id=439,31643,439
23,False,,38.892441,-77.048947,22nd St & Constitution Ave NW,42,"[u'KEY', u'CREDITCARD']",http://app.capitalbikeshare.com/vIiR/zVsfTIsOTF?station_id=443,31292,443
19,False,,38.891805,-76.913563,61st St & Banks Pl NE,42,"[u'KEY', u'CREDITCARD']",http://app.capitalbikeshare.com/vIiR/zVsfTIsOTF?station_id=444,31714,444
15,False,,38.89386,-77.070862,N Lynn St & Fairfax Dr,41,"[u'KEY', u'CREDITCARD']",http://app.capitalbikeshare.com/vIiR/zVsfTIsOTF?station_id=448,31917,448
15,False,,38.967505,-77.027976,Georgia Ave & Piney Branch Rd NW,42,"[u'KEY', u'CREDITCARD']",http://app.capitalbikeshare.com/vIiR/zVsfTIsOTF?station_id=449,31414,449
15,False,,38.812351,-77.040691,Madison & Fairfax St,40,"[u'KEY', u'CREDITCARD']",http://app.capitalbikeshare.com/vIiR/zVsfTIsOTF?station_id=451,31918,451
15,False,,38.990874,-77.016311,Sligo Ave & Carroll Ln,44,"[u'KEY', u'CREDITCARD']",http://app.capitalbikeshare.com/vIiR/zVsfTIsOTF?station_id=452,32058,452
19,False,,38.919086,-77.034502,15th & W St NW,42,"[u'KEY', u'CREDITCARD']",http://app.capitalbikeshare.com/vIiR/zVsfTIsOTF?station_id=453,31125,453
19,False,,38.882489,-76.990121,12th St & Pennsylvania Ave SE,42,"[u'KEY', u'CREDITCARD']",http://app.capitalbikeshare.com/vIiR/zVsfTIsOTF?station_id=454,31644,454
15,False,,38.957463,-77.002239,3rd St & Riggs Rd NE,42,"[u'KEY', u'CREDITCARD']",http://app.capitalbikeshare.com/vIiR/zVsfTIsOTF?station_id=455,31412,455
15,False,,38.876695,-77.112982,Carlin Springs Rd & N Thomas St,41,"[u'KEY', u'CREDITCARD']",http://app.capitalbikeshare.com/vIiR/zVsfTIsOTF?station_id=456,31919,456
19,False,,38.9028773031,-76.9984048605,6th & K St NE,42,"[u'KEY', u'CREDITCARD']",http://app.capitalbikeshare.com/vIiR/zVsfTIsOTF?station_id=458,31645,458
15,False,,39.014716,-77.107143,Pooks Hill Rd & Linden Ave,44,"[u'KEY', u'CREDITCARD']",http://app.capitalbikeshare.com/vIiR/zVsfTIsOTF?station_id=459,32057,459
15,True,,38.98265,-76.988311,Takoma Park Rec Center,44,"[u'KEY', u'CREDITCARD']",http://app.capitalbikeshare.com/vIiR/zVsfTIsOTF?station_id=460,32059,460
15,True,,38.988101,-76.988422,New Hampshire & Kirklynn Ave,44,"[u'KEY', u'CREDITCARD']",http://app.capitalbikeshare.com/vIiR/zVsfTIsOTF?station_id=461,32061,461
19,True,,39.038341,-77.051023,Wheaton Metro/Georgia Ave & Reedie Dr,44,"[u'KEY', u'CREDITCARD']",http://app.capitalbikeshare.com/vIiR/zVsfTIsOTF?station_id=462,32062,462
15,True,,39.044887,-77.047788,Amherst Ave & Elkins St,44,"[u'KEY', u'CREDITCARD']",http://app.capitalbikeshare.com/vIiR/zVsfTIsOTF?station_id=463,32063,463
15,True,,39.035965,-77.048395,Amherst Ave & Prichard Rd,44,"[u'KEY', u'CREDITCARD']",http://app.capitalbikeshare.com/vIiR/zVsfTIsOTF?station_id=464,32064,464
15,True,,39.043272,-77.053085,Grandview & Blueridge Ave,44,"[u'KEY', u'CREDITCARD']",http://app.capitalbikeshare.com/vIiR/zVsfTIsOTF?station_id=465,32065,465
15,True,,39.032029,-77.04735,Windham Ln & Amherst Ave,44,"[u'KEY', u'CREDITCARD']",http://app.capitalbikeshare.com/vIiR/zVsfTIsOTF?station_id=466,32066,466
19,False,,38.968834,-77.016258,3rd & Underwood St NW,42,"[u'KEY', u'CREDITCARD']",http://app.capitalbikeshare.com/vIiR/zVsfTIsOTF?station_id=469,31413,469
19,False,,38.93293,-76.979517,18th & Monroe St NE,42,"[u'KEY', u'CREDITCARD']",http://app.capitalbikeshare.com/vIiR/zVsfTIsOTF?station_id=470,31521,470
19,False,,38.88345,-77.021741,7th & E St SW,42,"[u'KEY', u'CREDITCARD']",http://app.capitalbikeshare.com/vIiR/zVsfTIsOTF?station_id=471,31294,471
19,False,,38.905368,-77.065149,Potomac & M St NW,42,"[u'KEY', u'CREDITCARD']",http://app.capitalbikeshare.com/vIiR/zVsfTIsOTF?station_id=473,31295,473
23,False,,38.924088,-77.040787,Columbia & Ontario Rd NW,42,"[u'KEY', u'CREDITCARD']",http://app.capitalbikeshare.com/vIiR/zVsfTIsOTF?station_id=474,31296,474
15,False,,38.888282,-77.111066,Washington-Lee High School / N Stafford St & Generals Way,41,"[u'KEY', u'CREDITCARD']",http://app.capitalbikeshare.com/vIiR/zVsfTIsOTF?station_id=475,31920,475
15,False,,38.886048,-77.142317,Westover Library / Washington Blvd & N McKinley Rd,41,"[u'KEY', u'CREDITCARD']",http://app.capitalbikeshare.com/vIiR/zVsfTIsOTF?station_id=476,31921,476
15,False,,38.858524,-77.103728,Columbia Pike & S Taylor St,41,"[u'KEY', u'CREDITCARD']",http://app.capitalbikeshare.com/vIiR/zVsfTIsOTF?station_id=477,31923,477
19,False,,38.8995,-77.054155,Virginia Ave & 25th St NW,42,"[u'KEY', u'CREDITCARD']",http://app.capitalbikeshare.com/vIiR/zVsfTIsOTF?station_id=482,31297,482
19,True,,38.905424,-77.034674,15th & M St NW,42,"[u'KEY', u'CREDITCARD']",http://app.capitalbikeshare.com/vIiR/zVsfTIsOTF?station_id=483,31298,483
19,True,,38.925636,-77.027112,11th & Girard St NW,42,"[u'KEY', u'CREDITCARD']",http://app.capitalbikeshare.com/vIiR/zVsfTIsOTF?station_id=484,31126,484
19,True,,38.912644,-77.04564,Connecticut Ave & R St NW,42,"[u'KEY', u'CREDITCARD']",http://app.capitalbikeshare.com/vIiR/zVsfTIsOTF?station_id=485,31299,485
15,False,,38.892556,-77.082089,Wilson Blvd & N Troy St,41,"[u'KEY', u'CREDITCARD']",http://app.capitalbikeshare.com/vIiR/zVsfTIsOTF?station_id=486,31924,486
19,True,,38.936298,-77.087128,Nebraska Ave/AU East Campus,42,"[u'KEY', u'CREDITCARD']",http://app.capitalbikeshare.com/vIiR/zVsfTIsOTF?station_id=487,31320,487
19,True,,38.892244,-77.033234,15th St & Constitution Ave NW,42,"[u'KEY', u'CREDITCARD']",http://app.capitalbikeshare.com/vIiR/zVsfTIsOTF?station_id=488,31321,488
17,True,,38.899104,-77.048946,22nd & H St NW,42,"[u'KEY', u'CREDITCARD']",http://app.capitalbikeshare.com/vIiR/zVsfTIsOTF?station_id=489,31127,489
19,True,,38.905303,-77.050264,23rd & M St NW,42,"[u'KEY', u'CREDITCARD']",http://app.capitalbikeshare.com/vIiR/zVsfTIsOTF?station_id=490,31128,490
19,True,,38.84627,-76.98185,Alabama Ave & Stanton Rd SE / Shops at Park Village,42,"[u'KEY', u'CREDITCARD']",http://app.capitalbikeshare.com/vIiR/zVsfTIsOTF?station_id=493,31813,493
19,True,,38.84377,-76.97557,Mississippi Ave & 19th St SE / THEARC,42,"[u'KEY', u'CREDITCARD']",http://app.capitalbikeshare.com/vIiR/zVsfTIsOTF?station_id=494,31814,494
11,True,,38.84623,-76.97703,19th & Savannah St SE,42,"[u'KEY', u'CREDITCARD']",http://app.capitalbikeshare.com/vIiR/zVsfTIsOTF?station_id=495,31815,495
19,True,,38.836,-77.0009,4th St & Mississippi Ave SE,42,"[u'KEY', u'CREDITCARD']",http://app.capitalbikeshare.com/vIiR/zVsfTIsOTF?station_id=496,31816,496
19,True,,38.824481,-77.005497,1st & S Capitol St SE / Oxon Run Trail,42,"[u'KEY', u'CREDITCARD']",http://app.capitalbikeshare.com/vIiR/zVsfTIsOTF?station_id=497,31817,497
15,True,,38.82373,-77.00223,Livingston Rd & 3rd St SE,42,"[u'KEY', u'CREDITCARD']",http://app.capitalbikeshare.com/vIiR/zVsfTIsOTF?station_id=498,31818,498
19,True,,38.81909,-77.01033,Joliet St & MLK Ave SW/Bald Eagle Rec Ctr,42,"[u'KEY', u'CREDITCARD']",http://app.capitalbikeshare.com/vIiR/zVsfTIsOTF?station_id=499,31819,499
15,True,,38.883011,-76.949709,37th & Ely Pl SE / Fort Dupont Ice Arena,42,"[u'KEY', u'CREDITCARD']",http://app.capitalbikeshare.com/vIiR/zVsfTIsOTF?station_id=500,31715,500
19,True,,38.89635,-77.03338,15th St & Pennsylvania Ave NW/Pershing Park,42,"[u'KEY', u'CREDITCARD']",http://app.capitalbikeshare.com/vIiR/zVsfTIsOTF?station_id=501,31129,501
15,True,,38.88044,-77.025236,Maine Ave & 9th St SW,42,"[u'KEY', u'CREDITCARD']",http://app.capitalbikeshare.com/vIiR/zVsfTIsOTF?station_id=505,31646,505
